site,time
google.com,14.330
elbalad.news,42.236
testbook.com,27.744
canlitv.plus,27.814
travisscott.com,26.301
solidworks.com,12.050
neswangy.net,25.396
twinkl.co.uk,960.584
mitsui-shopping-park.com,14.335
domru.ru,164.028
nifty.org,47.669
usu.edu,49.592
gsmgroup.ir,198.498
mci.gov.sa,33.762
sports.fr,1046.381
vwbdvqjgvczkfevrwirfnhjcwggtctbx.alicloudwaf.com,428.094
ef.com.cn,334.623
pushauction.com,223.828
protect-macbook.systems,134.343
raagalahari.com,57.511
pyszne.pl,53.386
scholars4dev.com,73.778
mcdonalds.com.au,251.835
lieqiwang.com,226.393
libris.ro,117.995
focus.ua,26.826
eldarya.ru,124.098
movies365.host,27.512
nyse.com,27.273
homeschoolmath.net,27.413
dafreetv.net,28.784
digitalconnectmag.com,26.590
azattyq.org,15.407
bluecrossma.com,36.360
pickles.com.au,246.741
thesitewizard.com,56.901
blisldgsqk.com,130.535
erogazo-jp.net,73.498
helloavgirls.com,43.416
sathyamonline.com,28.020
newrepublicman.com,40.161
thecasefactory.com,129.907
truyentranh.net,284.138
codinghorror.com,134.920
rumahweb.com,308.944
aec4d.com,270.103
sigfig.com,44.375
modasport7.tv,29.142
spwiki.net,186.039
betterfap.com,26.421
modiks.com,243.390
cqhrss.gov.cn,402.510
agrilife.org,29.223
free-converter.com,58.391
hairstudio-suezaki.com,205.510
dizipub.org,31.452
thevocket.com,28.361
sweetsinner.com,27.586
xgaytube.com,256.343
cambiumnetworks.com,22.113
fortrader.org,114.085
i-exam.ru,150.848
gzl.com.cn,241.737
get-pc.net,177.617
4pda.biz,133.450
allcatalogues.co.za,546.427
r-book.club,149.633
gp4us.com.br,28.477
trust-provider.com,109.456
trudbox.com.ua,27.264
tankist.su,149.263
cs12333.com,321.862
jobinrwanda.com,104.345
ecofactura.mx,33.589
ps-plus.pl,129.325
animevost.in,105.988
hedleyandbennett.com,66.797
pilotsp.tmall.hk,234.890
adconity.com,49.072
profootball.ua,150.689
postscapes.com,27.863
rccl.com,46.638
symless.com,25.510
hotjapaneseporntube.com,115.200
xiaoquguanjia.cn,238.472
dirayushupneet.com,239.722
ica.gov.ae,273.278
okolosmi.ru,161.223
starbike.com,129.644
solohdnet46.net,71.293
ignouassignmentguru.com,239.073
okcountyrecords.com,39.958
benedettelli.com,98.789
move.org,15.323
wonga.co.za,28.483
fansale.de,13.161
headbangerskitchen.com,283.076
videoedicion.org,121.034
simp3.media,51.149
pilotsp.tmall.hk,233.070
gg-led.com,230.636
lcreshuiqi.com,69.042
tspu.ru,195.246
destockplus.com,106.674
bistro.sk,130.019
download.hr,31.408
rankwise.net,28.002
sznpaste.net,30.749
camelia.lt,131.809
drhyman.com,27.707
alfredopedulla.com,126.472
najlekaren.eu,127.409
doseoffunny.com,32.835
happyenjoylife.com,197.792
keizokuhachikara.info,205.890
moto-be.com,187.538
sushi-shin.com,358.158
ruonion.io,153.108
mumcentral.com.au,197.852
greenspringsschool.com,53.221
autoroad.cz,155.937
torrenthd.org,119.706
requisitos-para.com,117.251
parzar.com,198.131
tamil2friends.com,34.529
timhortonstapp.com,15.399
victoriabuzz.com,27.399
rundblick-unna.de,126.593
orgma.ru,162.259
bencane.com,26.652
greyder.com,162.760
milfitaliane.net,100.483
emkolbaski.ru,30.319
trail4runner.com,29.822
hermitfun.com,11.767
coalitionforcollegeaccess.org,48.648
indemandcareer.com,25.901
energex.com.au,102.844
sureporno.com,15.767
hervecuisine.com,26.370
ohmyveggies.com,38.566
forkly.com,29.623
editions-mediaclap.fr,105.298
descriptionari.com,77.695
cafe-royal.com,16.898
ggo-to.com,116.510
polygon.net,30.046
espeero.com,189.220
greatbiker.com,28.678
wetred.org,51.081
shops.myshopify.com,52.527
fringesport.com,43.760
stillwaterschools.org,34.145
empregosrj.com,26.587
harimari.com,39.029
journal.hr,166.160
sassygirls.fun,179.507
kooxda.net,81.693
ehana.com,35.127
flashusbdriver.com,238.333
greateasterntakaful.com,311.233
citywire.it,16.644
cuentosinfantiles.net,142.640
carriere-info.fr,198.927
rapupdate.de,114.315
jeulia.com,29.617
institut-elysee.com,123.513
slutsandangels.com,30.218
funbikes.co.uk,30.452
buongiornocosenza.it,140.969
kfki.hu,115.238
yanbalecuador.com,49.977
geekblog.it,128.376
vintagemarketplace.com.au,52.301
uksoccershop.com,119.748
shapki-nsk.ru,157.282
f01ed651eca.com,105.629
ir-tube.net,30.232
tableoftheelements.org,34.353
kursach.com,155.343
backpackerjobboard.com.au,104.985
mynotifier.ru,145.577
help-link.co.uk,35.805
mediadimo.com,52.965
suzuki.gr,118.804
bamax.it,133.951
dingogames.com,34.821
hide.co.uk,154.312
zeustravel.rs,135.294
nburlington.com,30.289
chrislema.com,27.201
fichier-pps.fr,114.633
shopping24.de,124.896
grohe.us,114.592
prominasposgraduacao.com.br,166.214
smspubli.com,99.857
focalprice.com,101.421
aerogrammestudio.com,29.360
notiziariomotoristico.com,114.647
cosasdelmundoahora.com,103.927
xtra.lv,134.316
earnshort.in,27.306
thermaxglobal.com,259.099
circuladoresarmstrong.com,75.729
hirensir.com,25.964
stemscopes.com,28.696
ireland-guide.com,156.390
mercedariasdelacaridad.org,122.739
businessadvantagepng.com,63.066
blogspot.l.googleusercontent.com,14.344
welda.be,108.171
telugusexstorieskathalu.net,27.027
beatrizblasco.com,133.255
storub.ru,149.287
tunisie.gov.tn,155.711
storyv.com,26.351
tripleplay.tv,416.503
etaborsasi.com,32.065
blueleaf.com,24.292
daythem.edu.vn,265.476
americanhumane.org,27.624
nasetraktory.eu,153.942
offshorewind.biz,114.551
commondeer.com,42.148
taylormadegolf.eu,73.135
ekitaparsivi.com,103.235
dinning.ru,65.152
manege-reims.eu,113.735
ikala.co,231.138
aspacintl.com,118.073
piratusala.lt,98.149
diyarino.com,121.993
powertofly.com,11.217
itibarsanti.gov.it,176.296
gazetacelesi.al,189.131
topseria.online,151.648
bronwynstrickland.com,45.444
francosnowshapes.com,28.418
moleca.com.br,184.393
senatorman.de,121.751
nslstaffing.com,114.398
universitariosenapuros.com,124.913
zhkh.su,146.375
glynndevins.com,33.756
2happy.gr,30.969
iheartorganizing.com,14.763
elitescreentv.com,21.101
financierworldwide.com,30.713
focarconstrucoes.com.br,156.394
orangebowl.org,108.874
imathas.com,73.633
sportrikala.gr,33.493
haircut.hu,121.031
dom-pokupok.ru,142.235
cdrmedios.com,32.351
kayseritempo.org,121.360
cityfood.hu,141.206
foto-pic.org,147.346
moversoft.ru,148.329
invisible.ru,144.227
dreamz.com,29.617
blogspot.l.googleusercontent.com,15.606
swtl.pt,128.235
efantasy.gr,153.211
berryiran.com,119.542
meetlocalgolfers.com,26.858
porodakoshki.ru,132.808
dailyguideafrica.com,119.853
krono.hu,27.505
stuck-verband.de,135.846
paneeltjes.be,125.978
euromedica.gr,122.072
scrapmetalmanager.com,62.430
koelner-dom-spekulatius.de,125.333
1001tickets.org,142.430
tatoo.ws,34.825
yamaha-occasion.com,102.173
girlfriend.ru,142.267
goodlifeeats.com,69.639
psionic-storm.com,32.254
assimil.com,99.728
haiglateliit.ee,142.376
setwalls.ru,120.332
coveringkaty.com,28.198
newlight.com,32.696
designretailonline.com,10.978
cajagranadafundacion.es,159.794
blogspot.l.googleusercontent.com,16.738
trackimo.com,70.389
cookinglife.be,114.763
antipunaises.fr,127.393
classic-stores.fr,109.262
jardin-meditation.org,25.959
streamtrk.com,28.862
horki.info,160.718
monoandstereo.com,20.221
downloadyoutubechrome.com,12.110
shops.myshopify.com,41.988
ac.edu,16.086
madamebridal.com,52.335
blogspot.l.googleusercontent.com,14.932
angelapellicciari.com,31.536
cncitalia.net,129.651
itespresso.it,148.645
neurocare-onlus.it,103.097
rogerk.net,31.647
tuttobasket.net,141.392
essaysnark.com,63.093
webenza.com,60.898
carolcapelportal.com,80.792
santacruzpe.com.br,77.226
linuxincluded.com,27.115
radiolist.net,118.611
sondretravel.com,27.464
sweet-sin.com,134.760
aetka.de,136.379
sexchatsexchat.com,46.417
gomentod.com,272.082
diversesolutions.com,34.097
medstarmyhealth.org,63.709
buscalibre.pe,11.861
prizebondgogi.net,42.627
vjwjewellery.co.uk,144.705
enterprisetimes.co.uk,95.002
hinetworks.com.br,34.310
1sew.ru,131.902
taknama.co,205.723
indianastrology.com,47.360
cruzyortiz.com,145.269
queensofsyria.com,27.502
solzaima.com,127.140
circutor.com,319.520
respectphono.de,115.208
thelegalshieldstore.com,34.658
poool.fr,27.215
pornleech.com,20.954
luxury-crypto.com,116.420
orienteeringusa.org,28.346
sleepnow.com,29.709
assecobs.pl,1040.869
dist.gov.lk,290.419
hybiz.tv,274.579
javabeat.net,31.584
electroneves.com,819.248
aurelio-online.com,111.005
queenflowerbulbs.de,115.415
eset.co.th,235.724
tvingo.ru,184.642
futuready.com,236.403
secretvkusa.ru,142.821
gblearn.com,30.760
drakorindotv.info,112.082
inibiodata.com,28.429
al3abkora.com,20.749
canalesdebolivia.com,52.603
nervanasystems.github.io,15.330
slawomirkonopa.ru,121.933
restinmyshade.com,43.935
softpicks.net,52.304
openarts.ru,152.799
kipdf.com,28.130
bar-plus.com,30.169
bar-street.ru,145.955
avvay.com,91.264
lbjlibrary.org,26.635
ohclary.com,44.177
blogspot.l.googleusercontent.com,15.815
fedcoseeds.com,48.428
xpert.com.ua,148.962
vgs.tw,193.880
720rip.ru,101.117
chocolate-hotel.ru,153.337
lokalportal.de,120.737
vorarlberg-cam.at,121.007
ft-dearborn.com,62.877
calisthenics-101.co.uk,27.262
elkov.cz,128.958
crisvassolerarquitetura.com.br,182.772
i-am-huge.com,78.719
obrazeczagranpasporta.ru,151.567
uhyips.com,157.787
electionsquebec.qc.ca,11.749
tagmobile.com,42.914
centreli.com,61.897
parrislawyers.com,44.748
fancysms.com,39.504
123pricecheck.com,27.850
spo-0004.spo-msedge.net,16.178
spirtok.ru,105.312
youtube2video.com,47.498
netentcasino.com,28.340
uagolos.com,118.476
tycoonstory.com,62.082
journeysaremydiary.com,126.997
osfashland.org,27.734
shops.myshopify.com,46.062
mycasualgamez.com,32.180
bistrohygge.pl,114.197
fruition.net,26.668
filegood.club,29.391
khudothiecopark.vn,26.374
alejinak.cz,145.453
aramaiko.com,41.426
monydai.com.br,101.412
tophealthandremedies.com,27.050
nexteamspeak.de,119.224
rncbbank.ru,100.843
lake-elowin.com,80.481
remodelingmaterials.com,27.745
whitemountainforensic.com,65.022
moe.hk,64.156
babaksohrabi.com,30.629
rsst.ir,146.660
calkini.net,120.620
bddintegralonline.com.ve,104.992
blogspot.l.googleusercontent.com,14.194
fiverdance.com,127.388
lb.wordpress.com,26.621
nakgeo.com,37.111
rizon.net,74.586
tuhablas.ru,120.011
english03.ru,144.385
clickedwapng.com,89.098
lb.wordpress.com,25.884
dorstenerzeitung.de,101.118
orzysz.pl,124.761
rhcorporativo.net,141.663
wanggroup.com,236.247
diabet24.guru,162.766
enzyme-database.org,41.956
faktaonepiece.net,252.889
nazarklinok.ru,182.534
blogspot.l.googleusercontent.com,16.175
minutosdeamor.com,41.351
caseyandalex2019.com,82.951
lb.wordpress.com,27.723
oasisky.com,63.589
wearmopar.com,23.169
ekonomiljus.se,129.759
cybasetech.com,255.852
corostore.eu,117.977
notisantander.com,27.047
vienthongxanh.vn,265.850
franc-music-shop.com,124.603
michibiku.com,27.467
zapusti.biz,153.050
samogonshikov.ru,162.783
ssmengg.edu.in,52.572
drahelas.ru,148.366
woocombros.com,92.195
matchedbettingguy.com,63.565
dogefaucet.info,29.452
applearab.com,36.016
bivar.com,52.392
coupon-magic.com,27.342
honrec.com,44.704
litviral.com,28.323
netcrimson.com,29.692
psychlawjournal.com,61.292
tpnsystem.com,11.641
fundaluka.sk,136.500
hashthemes.com,40.320
ganssle.com,26.930
picltd.com,107.686
iamniverse.com,47.869
logincidadao.rs.gov.br,187.579
sysads.co.uk,12.423
thecrag.com,118.405
talkbeauty.vn,263.577
delta-computer.net,109.785
blogspot.l.googleusercontent.com,14.007
mre.gov.py,221.690
obsessionfishing.com.au,253.328
seinfeld-episodes.com,137.727
project-7.net,115.774
hizhosting.com,180.269
tangoslovenija.si,120.987
audacieuse-galerie.ch,156.737
mpcnews.in,29.642
nasirteb.com,222.522
24lo.gdansk.pl,169.508
matczysko.pl,26.023
labfriend.com.sg,224.699
pawelurbanek.com,26.210
mg-lab.ltd,113.391
abortiondocs.org,26.474
brixxfitness.com,43.132
climbonrockgym.com,30.637
fbco.com,62.089
spo-0004.spo-msedge.net,14.961
innovativeorthocenters.com,78.104
lamarzulli.net,60.498
mdcpros.com,26.111
shops.myshopify.com,35.445
shops.myshopify.com,75.826
shilobyrd.com,61.459
lb.wordpress.com,27.495
torahlive.com,48.789
webcape.org,121.013
superpokec.cz,143.838
pediapendidikan.com,15.252
aurasma.com,11.582
casanunez.com.ar,44.228
yoursbusiness.net,105.495
abreeds.co.nz,288.855
bloggiare.com,261.600
couchtuner2.to,122.528
kslhire.co.uk,125.880
mortons-solicitors.co.uk,107.869
pineconeresearch.co.uk,35.867
thawclaw.com,33.333
vitaantiqua.org.ua,120.917
bellissima.bg,191.532
itanimulli.in,52.540
kirilloid.ru,116.326
and-lab.org,32.219
promofitness.com,128.447
osobnosti.cz,128.539
sarafializadeh.com,37.448
uab.org,146.627
dom4m.ru,101.445
iqst.ca,70.861
shops.myshopify.com,58.865
nebotan.info,143.113
mediaratingcouncil.org,66.082
sps3shop.ru,149.544
sphere-engine.com,126.624
vipvideo.in,116.948
linkatak.com,114.953
momizat.com,49.439
mercadoshops.cl,30.004
mailadmin.no,124.304
highwaythreesolutions.com,26.649
aco-hochbau.de,114.602
autohaus-wilmersdorf.de,113.383
dancefox-radio.de,121.773
eerra.com,24.849
foenwelt.de,107.300
blogspot.l.googleusercontent.com,14.109
imperiumdersteine.de,128.042
klenk-herbline.de,116.342
luxeriaimmobilien.de,125.503
mtgpq.info,26.544
otto-lehmann-gmbh.de,123.803
quibox.de,127.216
scholarshipsguides.com,29.051
steuerberater.net,28.913
tractionlife.com,50.652
webex.de,68.272
ilgm-deals.com,34.366
indianblowjob.net,27.613
neumarket.com,55.253
winxclub.com,119.756
diydekoration.cf,118.912
muau.ch,131.049
wildkatze.ch,159.930
abcbirds.org,31.813
amandamalvarez.com,31.841
auroramfg.com,61.542
bhgold.com,26.030
coleysamericanbistro.com,63.074
dolphinexpress.com,155.641
emmalyne.info,27.975
fieldphiladelphia.org,60.975
greenleafveg.com,69.795
hiramwalker.com,51.509
langer-emv.de,118.415
lovecat.sk,134.713
movieassignments.com,61.792
newdaychurch.nyc,31.106
peoplesbarber.com,130.834
prnpt.com,25.491
remembear.com,28.600
salt-watersandals.com,103.663
spdbydesign.com,39.048
swaymedical.com,26.757
blogspot.l.googleusercontent.com,15.488
usrack.com,27.539
weatherproofgarment.com,96.255
elssahc.ir,97.232
sadrashop.ir,192.066
dev-e2c.de,120.947
hotnewgaming.com,46.522
devcenter.co,95.477
businessplanninghq.com,66.666
singlej.com.au,31.775
alfredadler.edu,71.854
churchinsight.com,94.826
vansonengineering.com,312.302
nvyangyont.com,265.665
knog.com.au,207.207
marinospor.gr,194.223
freepresskashmir.com,251.440
globalgoldenkey.com,40.340
blogspot.l.googleusercontent.com,14.831
keesgutter.nl,109.824
gngtrip.com,55.024
bitcoinblog.cz,130.276
kamenictvi.net,130.638
renaultkangoo.ru,136.754
bger.me,179.127
keciadesign.dk,99.590
ads4xxx.com,29.077
autoaba.com,29.030
cabeleiraempe.com.br,65.257
cnpl.org.br,166.549
desenhospracolorir.com.br,28.858
blogspot.l.googleusercontent.com,14.631
fuelshack.com.my,234.657
ibeximoveis.com.br,28.233
kitesurfing-egypt.com,51.145
matrixsaude.com.br,70.372
blogspot.l.googleusercontent.com,14.761
phrygane.tk,27.197
blogspot.l.googleusercontent.com,14.408
tecsoftonline.com.br,241.723
viajarpara.com,51.383
themechuan.com,25.719
electroarges.ro,157.054
promymind.ru,155.550
mid.as,42.224
spreadit.ng,84.980
clubparticular.com,77.219
xoboats.com,137.900
pisosrevestimientos.com,78.435
thidiweb.com,266.303
balatonfuredi.info,53.863
cafebrossard.com,39.880
tutos-android-france.com,113.347
iabturkiye.org,163.724
atronickish.com,216.132
hairloss.ir,232.304
nikanonline.com,131.888
talkhisnews.ir,119.160
jquerykiller.ru,120.680
adventure-flight.com,121.630
coh.ie,108.153
koszalininfo.pl,133.144
newsletter-abmeldung.de,116.977
tasrv.com,153.820
zs6.tychy.pl,128.247
jnvsangli.com,283.983
mymasjid.net.my,222.844
allparts.com.ua,145.285
ebel.com,27.270
integral.com,41.920
ecoelectric.com.au,205.339
ntbitumen.com.au,74.779
wellingtonicu.com,295.494
1plus1.net,167.679
180chan.gr,122.125
agrotimes.net,157.818
xn--72cb4befma0fcvqd5eia0de16a9d1ag.net,283.762
digart.pl,131.665
satcomm.com.mx,94.113
oatomedia.com,114.008
blackbabe.mobi,94.747
also-online.com,29.282
clubconectar.com,102.989
ylaw.ca,34.615
hetbeteremerk.nl,111.212
elcorillord.com,99.368
enppi.com,27.146
lsdunia.com,94.016
rigma.biz,139.382
avoservice.in,27.613
mode-elle.ca,25.336
logopedy.ru,145.582
thinprint.com,96.748
joshbarczak.com,27.003
tchers.net,29.182
shox.hu,136.472
alaskaparent.com,61.348
agaval.com,61.641
optoviki.kz,199.740
edp-edp.com,173.254
ibbsapp.com,263.393
meikutv.xyz,20.543
redo.tw,248.196
taxpro.co.za,281.746
415it.com,70.714
acamprosate.fun,52.266
aerocare.com,87.159
alexisgrant.com,33.516
americanloggersinsurance.com,20.550
anunrefinedvegan.com,27.794
artofpalate.com,26.358
augur.com,78.084
bahiahotel.com,14.272
beadsobling.com,290.219
betafishing.com,27.146
bolognamagazine.com,116.131
brianmendler.com,61.196
businessinstagram.com,239.739
catalyzingchange.org,28.678
changedirection.org,25.133
christmasranchmovie.com,105.868
climbbybike.com,100.351
colusacountyclerk.com,26.670
coraciasllc.com,44.760
creepsquadapparel.com,113.023
cvyachting.com,109.040
davidsonhotels.com,40.064
lb.wordpress.com,57.094
districtwinery.com,27.434
dragun.sk,127.925
earlybirdfoods.com,40.435
ekoterm-kurenie.sk,129.348
energystorageforum.com,44.884
faicoach.com,67.127
fhcw.org,76.558
flippin.tv,83.836
foxsportswausau.com,15.175
furinsider.com,51.020
glasstileoasis.com,32.818
gottalovechristmas.info,85.649
gtcrew.com,26.949
spo-0004.spo-msedge.net,16.202
henrysmiller.com,26.444
holygroundsshop.com,56.118
hubmoviehd.net,131.227
igourmet.com,15.291
inn-flow.com,61.936
irishindeed.com,90.750
joinfestivault.com,43.927
kanantikbelize.com,49.555
krod.com,13.521
latinasintech.org,33.361
lewistonortho.com,62.243
loveyourpets.io,11.732
missvictoryviolet.com,28.581
lb.wordpress.com,32.385
mul-t-lock-online.com,26.652
blogspot.l.googleusercontent.com,17.942
nawonchoi.me,12.329
newstoshare.com,17.053
northcuttrealty.com,25.540
onlineapteka.com.ua,106.880
ourphillyrow.com,37.515
parishtins.com,33.409
penisextenders.com,47.134
pifs.net,65.714
policecanada.ca,37.885
prettymehair.com,26.593
pubkgroup.com,34.785
radiosilencecomic.com,74.125
redbirdmath.com,33.642
reverebank.com,21.372
rvaweekly.org,31.704
lb.wordpress.com,31.770
seamusabshere.github.io,14.123
sexysusan.net,26.733
si-bone.com,36.130
skywaycomputers.net,51.231
speroresearch.com,233.930
statshockey.homestead.com,40.095
stuckat32.com,78.142
suzohapp.com,19.726
testado.sk,161.232
thetankinifiles.com,26.921
tovareu.sk,136.401
udiconsultingmo.com,46.626
vitaspa.com,86.156
wattagency.com,26.334
wexflow.github.io,17.737
wirepoints.com,49.461
wvcf.com,26.254
yourskinonline.com,41.889
meslekciyiz.com,166.701
rikkei.vn,248.354
rbc.gov.rw,263.314
deloittesmartreports.com,100.100
lawlessspanish.com,27.118
vs-plus.ru,146.813
bikanervala.com,281.388
nimblecowork.com,29.680
theresistancenews.com,266.546
total,lost
970,193
